include/master-slave.inc
[connection master]
set binlog_format=mixed;
RESET MASTER;
connection slave;
set binlog_format=mixed;
RESET MASTER;
connection master;
connection slave;
connection master;
#
# Test ALTER TABLE ENGINE S3
#
create table t1 (a int, b int) engine=aria;
insert into t1 select seq,seq+10 from seq_1_to_10;
alter table t1 engine=s3;
show create table t1;
Table	Create Table
t1	CREATE TABLE `t1` (
  `a` int(11) DEFAULT NULL,
  `b` int(11) DEFAULT NULL
) ENGINE=S3 DEFAULT CHARSET=latin1 PAGE_CHECKSUM=1
connection slave;
use database;
select * from t1 limit 2;
a	b
1	11
2	12
connection master;
alter table t1 add column c int, engine=s3;
connection slave;
select * from t1,t1 as t1_tmp limit 2;
a	b	c	a	b	c
1	11	NULL	1	11	NULL
2	12	NULL	1	11	NULL
# Now test when the .frm table is out of date on the slave
stop slave;
connection master;
alter table t1 add column d int, engine=s3;
connection slave;
select * from t1 limit 2;
a	b	c	d
1	11	NULL	NULL
2	12	NULL	NULL
start slave;
connection master;
connection slave;
select * from t1 limit 2;
a	b	c	d
1	11	NULL	NULL
2	12	NULL	NULL
# Same without tables in the table cache;
stop slave;
flush tables;
connection master;
alter table t1 add column e int, engine=s3;
connection slave;
select * from t1 limit 2;
a	b	c	d	e
1	11	NULL	NULL	NULL
2	12	NULL	NULL	NULL
start slave;
connection master;
connection slave;
select * from t1 limit 2;
a	b	c	d	e
1	11	NULL	NULL	NULL
2	12	NULL	NULL	NULL
connection master;
# Convert S3 table to Aria. Rows should be binary logged
alter table t1 engine=aria;
connection slave;
select * from t1 limit 2;
a	b	c	d	e
1	11	NULL	NULL	NULL
2	12	NULL	NULL	NULL
show create table t1;
Table	Create Table
t1	CREATE TABLE `t1` (
  `a` int(11) DEFAULT NULL,
  `b` int(11) DEFAULT NULL,
  `c` int(11) DEFAULT NULL,
  `d` int(11) DEFAULT NULL,
  `e` int(11) DEFAULT NULL
) ENGINE=Aria DEFAULT CHARSET=latin1 PAGE_CHECKSUM=1
connection master;
drop table t1;
#
# Test RENAME
#
create table t1 (a int, b int) engine=aria;
insert into t1 select seq,seq+10 from seq_1_to_10;
alter table t1 engine=s3;
rename table t1 to t2;
connection slave;
select * from t1 limit 2;
ERROR 42S02: Table 'database.t1' doesn't exist
select * from t2 limit 2;
a	b
1	11
2	12
connection master;
alter table t2 add column f int, rename t1;
select * from t1 limit 2;
a	b	f
1	11	NULL
2	12	NULL
connection slave;
select * from t1 limit 2;
a	b	f
1	11	NULL
2	12	NULL
select * from t2 limit 2;
ERROR 42S02: Table 'database.t2' doesn't exist
connection master;
#
# Test DROP
#
drop table t1;
connection slave;
select * from t1 limit 2;
ERROR 42S02: Table 'database.t1' doesn't exist
select * from t2 limit 2;
ERROR 42S02: Table 'database.t2' doesn't exist
connection master;
#
# Check slave binary log
#
connection slave;
include/show_binlog_events.inc
Log_name	Pos	Event_type	Server_id	End_log_pos	Info
slave-bin.000001	#	Gtid	#	#	GTID #-#-#
slave-bin.000001	#	Query	#	#	create database database
slave-bin.000001	#	Gtid	#	#	GTID #-#-#
slave-bin.000001	#	Query	#	#	use `database`; create table t1 (a int, b int) engine=aria
slave-bin.000001	#	Gtid	#	#	BEGIN GTID #-#-#
slave-bin.000001	#	Query	#	#	use `database`; insert into t1 select seq,seq+10 from seq_1_to_10
slave-bin.000001	#	Query	#	#	COMMIT
slave-bin.000001	#	Gtid	#	#	GTID #-#-#
slave-bin.000001	#	Query	#	#	use `database`; alter table t1 engine=s3
slave-bin.000001	#	Gtid	#	#	GTID #-#-#
slave-bin.000001	#	Query	#	#	use `database`; alter table IF EXISTS t1 add column c int, engine=s3
slave-bin.000001	#	Gtid	#	#	GTID #-#-#
slave-bin.000001	#	Query	#	#	use `database`; alter table IF EXISTS t1 add column d int, engine=s3
slave-bin.000001	#	Gtid	#	#	GTID #-#-#
slave-bin.000001	#	Query	#	#	use `database`; flush tables
slave-bin.000001	#	Gtid	#	#	GTID #-#-#
slave-bin.000001	#	Query	#	#	use `database`; alter table IF EXISTS t1 add column e int, engine=s3
slave-bin.000001	#	Gtid	#	#	GTID #-#-#
slave-bin.000001	#	Query	#	#	use `database`; DROP TABLE IF EXISTS `t1` /* generated by server */
slave-bin.000001	#	Gtid	#	#	GTID #-#-#
slave-bin.000001	#	Query	#	#	use `database`; CREATE TABLE `t1` (
  `a` int(11) DEFAULT NULL,
  `b` int(11) DEFAULT NULL,
  `c` int(11) DEFAULT NULL,
  `d` int(11) DEFAULT NULL,
  `e` int(11) DEFAULT NULL
) ENGINE=Aria DEFAULT CHARSET=latin1 PAGE_CHECKSUM=1
slave-bin.000001	#	Gtid	#	#	BEGIN GTID #-#-#
slave-bin.000001	#	Annotate_rows	#	#	alter table t1 engine=aria
slave-bin.000001	#	Table_map	#	#	table_id: # (database.t1)
slave-bin.000001	#	Write_rows_v1	#	#	table_id: # flags: STMT_END_F
slave-bin.000001	#	Query	#	#	COMMIT
slave-bin.000001	#	Gtid	#	#	GTID #-#-#
slave-bin.000001	#	Query	#	#	use `database`; DROP TABLE IF EXISTS `t1` /* generated by server */
slave-bin.000001	#	Gtid	#	#	GTID #-#-#
slave-bin.000001	#	Query	#	#	use `database`; create table t1 (a int, b int) engine=aria
slave-bin.000001	#	Gtid	#	#	BEGIN GTID #-#-#
slave-bin.000001	#	Query	#	#	use `database`; insert into t1 select seq,seq+10 from seq_1_to_10
slave-bin.000001	#	Query	#	#	COMMIT
slave-bin.000001	#	Gtid	#	#	GTID #-#-#
slave-bin.000001	#	Query	#	#	use `database`; alter table t1 engine=s3
slave-bin.000001	#	Gtid	#	#	GTID #-#-#
slave-bin.000001	#	Query	#	#	use `database`; rename table IF EXISTS t1 to t2
slave-bin.000001	#	Gtid	#	#	GTID #-#-#
slave-bin.000001	#	Query	#	#	use `database`; alter table IF EXISTS t2 add column f int, rename t1
slave-bin.000001	#	Gtid	#	#	GTID #-#-#
slave-bin.000001	#	Query	#	#	use `database`; DROP TABLE IF EXISTS `t1` /* generated by server */
connection master;
#
# clean up
#
connection slave;
include/rpl_end.inc
